metric,train_score,test_score
accuracy_score,0.8642857142857143,0.7666666666666667
roc_auc_score,0.9234537660747091,0.8370411568409344
f1_score,0.8689655172413793,0.7812500000000001
