metric,train_score,test_score
accuracy_score,0.8357142857142857,0.6666666666666666
roc_auc_score,0.9372307692307693,0.8794285714285714
f1_score,0.7964601769911505,0.6296296296296297
