metric,train_score,test_score
accuracy_score,0.9285714285714286,0.85
roc_auc_score,0.9663589743589743,0.9017142857142857
f1_score,0.9218749999999999,0.8732394366197184
