metric,train_score,test_score
accuracy_score,0.9428571428571428,0.9
roc_auc_score,0.9973463972239233,0.9677419354838709
f1_score,0.9452054794520548,0.90625
